effort,n_cases,single,self_ensemble,diverse_panel,block_single,block_conjunctive
none,12,0.07083333333333332,0.04565972222222222,0.09489583333333335,0.04583333333333334,0.06839583333333334
medium,12,0.16527777777777777,0.0859097222222222,0.18541666666666667,0.06944444444444445,0.008583333333333332
high,12,0.1790277777777777,0.0995625,0.125,0.0722222222222222,0.017395833333333333
max,12,0.1890277777777778,0.0940625,0.15941666666666668,0.07500000000000001,0.01793749999999999
